Track Name,Artists,Album Name,Album ID,Track ID,Popularity,Release Date,Duration (ms),Explicit,External URLs,Danceability,Energy,Key,Loudness,Mode,Speechiness,Acousticness,Instrumentalness,Liveness,Valence,Tempo
I'm Good (Blue),"David Guetta, Bebe Rexha",I'm Good (Blue),7M842DMhYVALrXsw3ty7B3,4uUG5RXrOk84mYEfFvj3cK,94,2022-08-26,175238,True,https://open.spotify.com/track/4uUG5RXrOk84mYEfFvj3cK,0.561,0.965,7,-3.673,0,0.0343,0.00383,7.07e-06,0.371,0.304,128.04
FE!N (feat. Playboi Carti),"Travis Scott, Playboi Carti",UTOPIA,18NOKLkZETa4sWwLMIm0UZ,42VsgItocQwOQC3XWZ8JNA,93,2023-07-28,191701,True,https://open.spotify.com/track/42VsgItocQwOQC3XWZ8JNA,0.569,0.882,3,-2.777,0,0.06,0.0316,0.0,0.142,0.201,148.038
Boy's a Liar Pt. 2,"PinkPantheress, Ice Spice",Boy's a liar Pt. 2,6cVfHBcp3AdpYY0bBglkLN,6AQbmUe0Qwf5PZnt4HmTXv,92,2023-02-03,131013,True,https://open.spotify.com/track/6AQbmUe0Qwf5PZnt4HmTXv,0.696,0.809,5,-8.254,1,0.05,0.252,0.000128,0.248,0.857,132.962
"Quevedo: Bzrp Music Sessions, Vol. 52","Bizarrap, Quevedo","Quevedo: Bzrp Music Sessions, Vol. 52",4PNqWiJAfjj32hVvlchV5u,2tTmW7RDtMQtBk7m2rYeSw,92,2022-07-06,198938,False,https://open.spotify.com/track/2tTmW7RDtMQtBk7m2rYeSw,0.621,0.782,2,-5.548,1,0.044,0.0125,0.033,0.23,0.55,128.033
Me Porto Bonito,"Bad Bunny, Chencho Corleone",Un Verano Sin Ti,3RQQmkQEvNCY4prGKE6oc5,6Sq7ltF9Qa7SNFBsV5Cogx,91,2022-05-06,178567,True,https://open.spotify.com/track/6Sq7ltF9Qa7SNFBsV5Cogx,0.911,0.712,1,-5.105,0,0.0817,0.0901,2.68e-05,0.0933,0.425,92.005
Baby Don't Hurt Me,"David Guetta, Anne-Marie, Coi Leray",Baby Don't Hurt Me,327tc3Eruk1HP1w62iqROy,3BKD1PwArikchz2Zrlp1qi,93,2023-04-06,140018,False,https://open.spotify.com/track/3BKD1PwArikchz2Zrlp1qi,0.602,0.91,7,-3.404,1,0.0308,0.00126,0.000174,0.12,0.228,127.944
El Merengue,"Marshmello, Manuel Turizo",El Merengue,6sU751LOdNBPvVErW1GunP,51FvjPEGKq2zByeeEQ43V9,91,2023-03-03,189357,False,https://open.spotify.com/track/51FvjPEGKq2zByeeEQ43V9,0.775,0.677,8,-4.703,0,0.0442,0.0313,0.00517,0.112,0.698,124.011
Jimmy Cooks (feat. 21 Savage),"Drake, 21 Savage","Honestly, Nevermind",3cf4iSSKd8ffTncbtKljXw,3F5CgOj3wFlRv51JsHbxhe,89,2022-06-17,218365,True,https://open.spotify.com/track/3F5CgOj3wFlRv51JsHbxhe,0.529,0.673,0,-4.711,1,0.175,0.000307,2.41e-06,0.093,0.366,165.921
MONTAGEM - PR FUNK,S3BZS,MONTAGEM - PR FUNK,2HuMAoXpr6HDryNHipbCpB,6njJR3OIp3oA0Kc4aC9Tzf,89,2023-05-01,61673,False,https://open.spotify.com/track/6njJR3OIp3oA0Kc4aC9Tzf,0.877,0.803,9,-3.195,1,0.0507,0.734,0.056,0.087,0.795,130.028
Save Your Tears,The Weeknd,After Hours,4yP0hdKOZPNshxUOjY0cZj,5QO79kh1waicV47BqGRL3g,89,2020-03-20,215627,True,https://open.spotify.com/track/5QO79kh1waicV47BqGRL3g,0.68,0.826,0,-5.487,1,0.0309,0.0212,1.24e-05,0.543,0.644,118.051
BABY HELLO,"Rauw Alejandro, Bizarrap",BABY HELLO,5KDgQ8sKzlThX02A5urLj0,2SOvWt6igzXViIjIiWNWEP,89,2023-06-23,222462,True,https://open.spotify.com/track/2SOvWt6igzXViIjIiWNWEP,0.773,0.892,1,-3.732,0,0.0483,0.166,3.1e-06,0.429,0.842,130.007
METAMORPHOSIS,INTERWORLD,METAMORPHOSIS,3apQZbgVql9mHJlp43jk5D,2ksyzVfU0WJoBpu8otr4pz,89,2021-11-25,142839,True,https://open.spotify.com/track/2ksyzVfU0WJoBpu8otr4pz,0.593,0.641,7,-12.727,0,0.0992,0.426,0.901,0.122,0.147,175.014
Tití Me Preguntó,Bad Bunny,Un Verano Sin Ti,3RQQmkQEvNCY4prGKE6oc5,1IHWl5LamUGEuP4ozKQSXZ,89,2022-05-06,243717,True,https://open.spotify.com/track/1IHWl5LamUGEuP4ozKQSXZ,0.65,0.715,5,-5.198,0,0.253,0.0993,0.000291,0.126,0.187,106.672
Rich Flex,"Drake, 21 Savage",Her Loss,5MS3MvWHJ3lOZPLiMxzOU6,1bDbXMyjaUIooNwFE9wn0N,88,2022-11-04,239360,True,https://open.spotify.com/track/1bDbXMyjaUIooNwFE9wn0N,0.561,0.52,11,-9.342,0,0.244,0.0503,1.86e-06,0.355,0.424,153.15
Escapism.,"RAYE, 070 Shake",My 21st Century Blues,3U8n8LzBx2o9gYXvvNq4uH,5mHdCZtVyb4DcJw8799hZp,88,2023-02-03,272373,True,https://open.spotify.com/track/5mHdCZtVyb4DcJw8799hZp,0.538,0.742,2,-5.355,1,0.114,0.138,4.67e-05,0.0934,0.25,96.107
Murder In My Mind,Kordhell,Murder In My Mind,68GI09qAs2XLJmA3hj5K7y,6qyS9qBy0mEk3qYaH8mPss,88,2022-01-21,145000,True,https://open.spotify.com/track/6qyS9qBy0mEk3qYaH8mPss,0.712,0.972,10,-0.514,1,0.112,0.00547,7.06e-05,0.128,0.568,119.966
Area Codes,Kaliii,Area Codes,6uk3hBYbrMsSzufADPjv9K,7sliFe6W30tPBPh6dvZsIH,87,2023-03-17,139326,True,https://open.spotify.com/track/7sliFe6W30tPBPh6dvZsIH,0.823,0.388,1,-10.867,1,0.491,0.0187,0.0,0.0876,0.507,154.569
Doja,Central Cee,Doja,6oECjagksATHu2UaclXrq1,3LtpKP5abr2qqjunvjlX5i,87,2022-07-21,97393,True,https://open.spotify.com/track/3LtpKP5abr2qqjunvjlX5i,0.911,0.573,6,-7.43,1,0.288,0.38,0.0,0.403,0.972,140.04
SICKO MODE,Travis Scott,ASTROWORLD,41GuZcammIkupMPKH2OJ6I,2xLMifQCjDGFmkHkpNLD9h,87,2018-08-03,312820,True,https://open.spotify.com/track/2xLMifQCjDGFmkHkpNLD9h,0.834,0.73,8,-3.714,1,0.222,0.00513,0.0,0.124,0.446,155.008
Lay Low,Tiësto,Lay Low,0EYKSXXTsON8ZA95BuCoXn,0zKbDrEXKpnExhGQRe9dxt,86,2023-01-06,153443,False,https://open.spotify.com/track/0zKbDrEXKpnExhGQRe9dxt,0.534,0.855,1,-4.923,0,0.183,0.0607,0.000263,0.346,0.42,122.06
Just Wanna Rock,Lil Uzi Vert,Just Wanna Rock,2FD6g8bXEn2uQMYbeqqoCg,4FyesJzVpA39hbYvcseO2d,86,2022-10-17,123891,True,https://open.spotify.com/track/4FyesJzVpA39hbYvcseO2d,0.486,0.545,11,-7.924,1,0.0336,0.0652,0.00474,0.0642,0.0385,150.187
Gato de Noche,"Ñengo Flow, Bad Bunny",Gato de Noche,2GS2h80Dp8rFdGEa0j0JhH,54ELExv56KCAB4UP9cOCzC,86,2022-12-22,227013,True,https://open.spotify.com/track/54ELExv56KCAB4UP9cOCzC,0.892,0.662,8,-3.894,1,0.162,0.169,1.24e-06,0.363,0.607,93.976
Give It To Me - Full Vocal Mix,Matt Sassari,Give It To Me (Full Vocal Mix),1jbRY71konakrKvDUiW7Rp,5ZduaRci3iNUiDfJbBfAaf,86,2021-10-22,102861,False,https://open.spotify.com/track/5ZduaRci3iNUiDfJbBfAaf,0.874,0.869,1,-5.996,0,0.0315,0.00116,0.00238,0.164,0.726,126.027
Push Up - Main Edit,Creeds,Push Up (Main Edit),3v5BP6gPT1nNU9rjs57fF0,3AjSfp5FDvwtMU9XBsbS8j,86,2023-03-31,139300,False,https://open.spotify.com/track/3AjSfp5FDvwtMU9XBsbS8j,0.767,0.83,7,-8.78,1,0.206,0.209,0.836,0.0582,0.187,75.023
Players,Coi Leray,Players,4cAAsw7mPkGt15GXQzWlrM,6UN73IYd0hZxLi8wFPMQij,86,2022-11-30,139560,True,https://open.spotify.com/track/6UN73IYd0hZxLi8wFPMQij,0.954,0.516,6,-5.817,1,0.16,0.03,7.54e-06,0.0504,0.624,105.001
Bad Memories (feat. Elley Duhé & FAST BOY),"MEDUZA, James Carter, Elley Duhé, FAST BOY",Bad Memories (feat. Elley Duhé & FAST BOY),44aG7QLYLGotCTlu5Fc2J7,3rb0tMq42WfggucPm0HHkA,85,2022-07-22,148629,False,https://open.spotify.com/track/3rb0tMq42WfggucPm0HHkA,0.607,0.767,5,-6.069,0,0.0474,0.118,0.0,0.122,0.662,123.998
Princess Diana (with Nicki Minaj),"Ice Spice, Nicki Minaj",Princess Diana (with Nicki Minaj),2Q7WBQ794rA9ISPLfqdKjK,0ZxhtATQ0a6EvQNZ0z6NKV,85,2023-04-14,172125,True,https://open.spotify.com/track/0ZxhtATQ0a6EvQNZ0z6NKV,0.898,0.676,9,-5.196,1,0.187,0.14,0.0,0.101,0.742,147.991
Ferrari,"James Hype, Miggy Dela Rosa",Ferrari,6moZ4sNThthUAwCklyuPY8,4zN21mbAuaD0WqtmaTZZeP,85,2022-04-01,186662,False,https://open.spotify.com/track/4zN21mbAuaD0WqtmaTZZeP,0.847,0.69,1,-7.877,0,0.0493,0.0127,6e-05,0.0526,0.692,125.004
Pepas,Farruko,Pepas,2A5ksnhz7YWbRLvFMjX1j1,5fwSHlTEWpluwOM0Sxnh5k,85,2021-06-24,287120,True,https://open.spotify.com/track/5fwSHlTEWpluwOM0Sxnh5k,0.762,0.766,7,-3.955,1,0.0343,0.00776,6.98e-05,0.128,0.442,130.001
HIGHEST IN THE ROOM,Travis Scott,HIGHEST IN THE ROOM,2uDTi1PlpSpvAv7IRAoAEU,3eekarcy7kvN4yt5ZFzltW,85,2019-10-04,175721,True,https://open.spotify.com/track/3eekarcy7kvN4yt5ZFzltW,0.598,0.427,7,-8.764,0,0.0317,0.0546,5.83e-06,0.21,0.0605,76.469
Runnin,"21 Savage, Metro Boomin",SAVAGE MODE II,6wTyGUWGCilBFZ837k5aRi,5SWnsxjhdcEDc7LJjq9UHk,85,2020-10-02,195906,True,https://open.spotify.com/track/5SWnsxjhdcEDc7LJjq9UHk,0.819,0.626,10,-4.574,0,0.202,0.00748,0.101,0.167,0.415,143.01
LET GO,Central Cee,LET GO,1QYPAEk2Ksj3WPv3mvoDnL,3zkyus0njMCL6phZmNNEeN,85,2022-12-15,175890,True,https://open.spotify.com/track/3zkyus0njMCL6phZmNNEeN,0.735,0.449,2,-9.933,0,0.383,0.859,0.0,0.213,0.514,146.016
Godzilla (feat. Juice WRLD),"Eminem, Juice WRLD",Music To Be Murdered By,4otkd9As6YaxxEkIjXPiZ6,7FIWs0pqAYbP91WWM0vlTQ,84,2020-01-17,210800,True,https://open.spotify.com/track/7FIWs0pqAYbP91WWM0vlTQ,0.808,0.745,10,-5.26,0,0.342,0.145,0.0,0.292,0.829,165.995
Freestyle,Lil Baby,Too Hard,750APP0eKVlcgOxaZnBnVt,5BbdKBZO0TH0GhfxUfyhL9,84,2017-12-01,162053,True,https://open.spotify.com/track/5BbdKBZO0TH0GhfxUfyhL9,0.877,0.517,2,-5.426,0,0.0706,0.217,0.0,0.143,0.255,119.996
Belly Dancer,"Imanbek, BYOR",Belly Dancer,2npvQTpyjLtapBWTNTNlqn,7fZBQnc0zXwVybgCIrQQil,84,2022-02-18,151475,False,https://open.spotify.com/track/7fZBQnc0zXwVybgCIrQQil,0.845,0.797,1,-4.984,1,0.139,0.0582,5.57e-06,0.167,0.422,121.985
10:35,"Tiësto, Tate McRae",10:35,77wWx9sOCJiy0wcn0P44NO,6BePGk3eCan4FqaW2X8Qy3,84,2022-11-03,172253,False,https://open.spotify.com/track/6BePGk3eCan4FqaW2X8Qy3,0.696,0.793,8,-5.733,1,0.097,0.0683,3.78e-06,0.18,0.698,120.003
The Box,Roddy Ricch,Please Excuse Me for Being Antisocial,52u4anZbHd6UInnmHRFzba,0nbXyq5TXYPCO7pr3N8S4I,84,2019-12-06,196653,True,https://open.spotify.com/track/0nbXyq5TXYPCO7pr3N8S4I,0.896,0.586,10,-6.687,0,0.0559,0.104,0.0,0.79,0.642,116.971
Tarot,"Bad Bunny, Jhayco",Un Verano Sin Ti,3RQQmkQEvNCY4prGKE6oc5,41oY4WCTj5kccfesTVFnvN,83,2022-05-06,237895,True,https://open.spotify.com/track/41oY4WCTj5kccfesTVFnvN,0.795,0.684,11,-3.971,0,0.0419,0.0225,0.0,0.658,0.419,114.011
Knife Talk (with 21 Savage ft. Project Pat),"Drake, 21 Savage, Project Pat",Certified Lover Boy,3SpBlxme9WbeQdI9kx7KAV,2BcMwX1MPV6ZHP4tUT9uq6,83,2021-09-03,242966,True,https://open.spotify.com/track/2BcMwX1MPV6ZHP4tUT9uq6,0.849,0.424,5,-9.579,0,0.324,0.0635,0.0,0.0834,0.153,145.887
Dior,Pop Smoke,Meet The Woo,6d1vGZsr6Uy3h9IigBpPAf,79s5XnCN4TJKTVMSmOx8Ep,83,2019-07-26,216387,True,https://open.spotify.com/track/79s5XnCN4TJKTVMSmOx8Ep,0.548,0.805,7,-5.732,1,0.351,0.212,0.000389,0.408,0.648,142.094
Mood (feat. iann dior),"24kGoldn, iann dior",El Dorado,270o30h7cAlEhBnbuSpFZq,4jPy3l0RUwlUI9T5XHBW2m,83,2021-03-26,140533,True,https://open.spotify.com/track/4jPy3l0RUwlUI9T5XHBW2m,0.701,0.716,7,-3.671,0,0.0361,0.174,0.0,0.324,0.732,91.007
Call It Love,"Felix Jaehn, Ray Dalton",Call It Love,5c3YGhnf058Op4YviM73wn,5YdnOm5990Kfq1Jodws98B,83,2022-09-16,154561,False,https://open.spotify.com/track/5YdnOm5990Kfq1Jodws98B,0.616,0.841,5,-4.779,0,0.076,0.0559,0.00217,0.417,0.714,110.029
Moth To A Flame (with The Weeknd),"Swedish House Mafia, The Weeknd",Paradise Again,2Dbe9L757CSQbhnbW5PVSH,0VO8gYVDSwM1Qdd2GsMoYK,83,2022-04-15,234000,False,https://open.spotify.com/track/0VO8gYVDSwM1Qdd2GsMoYK,0.553,0.659,8,-7.295,1,0.0391,0.0027,0.0,0.105,0.105,120.146
Deep Down (feat. Never Dull),"Alok, Ella Eyre, Kenny Dope, Never Dull",Deep Down (feat. Never Dull),3KpxpdySrMR2S7noneu1bI,7MIhUdNJtaOnDmC5nBC1fb,83,2022-06-17,165753,False,https://open.spotify.com/track/7MIhUdNJtaOnDmC5nBC1fb,0.687,0.818,0,-4.221,1,0.0778,0.0112,0.0,0.248,0.886,125.952
La Jumpa,"Arcángel, Bad Bunny",La Jumpa,6LOhj1aK7vkGHJXtKU16PN,5MxFWjuqQIsbNWbMdMdbli,83,2022-11-30,255693,True,https://open.spotify.com/track/5MxFWjuqQIsbNWbMdMdbli,0.713,0.703,8,-5.769,1,0.194,0.298,0.0,0.321,0.576,123.06
Words (feat. Zara Larsson),"Alesso, Zara Larsson",Words (feat. Zara Larsson),66W7mt0wKGLFALilLBLfU6,1bgKMxPQU7JIZEhNsM1vFs,83,2022-04-22,142677,False,https://open.spotify.com/track/1bgKMxPQU7JIZEhNsM1vFs,0.739,0.586,10,-5.079,0,0.0472,0.0245,0.000252,0.308,0.444,124.026
PUFFIN ON ZOOTIEZ,Future,I NEVER LIKED YOU,6tE9Dnp2zInFij4jKssysL,1qMMYpVatbRITKCfq1gasi,82,2022-04-29,172933,True,https://open.spotify.com/track/1qMMYpVatbRITKCfq1gasi,0.883,0.657,8,-5.748,1,0.305,0.0603,0.0,0.128,0.284,124.992
DÁKITI,"Bad Bunny, Jhayco",DÁKITI,43dl8hP5uNN9s6YeeJA5fv,47EiUVwUp4C9fGccaPuUCS,83,2020-10-30,205090,True,https://open.spotify.com/track/47EiUVwUp4C9fGccaPuUCS,0.731,0.573,4,-10.059,0,0.0544,0.401,5.22e-05,0.113,0.145,109.928
INDUSTRY BABY (feat. Jack Harlow),"Lil Nas X, Jack Harlow",INDUSTRY BABY (feat. Jack Harlow),622NFw5Yk0OReMJ2XWcXUh,27NovPIUIRrOZoCHxABJwK,82,2021-07-23,212000,True,https://open.spotify.com/track/27NovPIUIRrOZoCHxABJwK,0.736,0.704,3,-7.409,0,0.0615,0.0203,0.0,0.0501,0.894,149.995
REACT,"Switch Disco, Ella Henderson, Robert Miles",REACT,3opvHAj80TIQMZAg9a2FNv,1UPHCP5YeVfele4DMbdGyi,82,2023-01-13,201146,False,https://open.spotify.com/track/1UPHCP5YeVfele4DMbdGyi,0.737,0.899,6,-3.189,0,0.0556,0.0329,0.0,0.186,0.358,125.992
The Motto,"Tiësto, Ava Max",The Motto,278z9UXJaMNDH9Bel9uAxV,18asYwWugKjjsihZ0YvRxO,82,2021-11-04,164819,False,https://open.spotify.com/track/18asYwWugKjjsihZ0YvRxO,0.754,0.763,7,-4.627,0,0.0435,0.0301,2.23e-05,0.0901,0.464,117.953
MONEY,LISA,LALISA,66OYt73mqan1hWa78BhfPd,7hU3IHwjX150XLoTVmjD0q,82,2021-09-10,168228,True,https://open.spotify.com/track/7hU3IHwjX150XLoTVmjD0q,0.831,0.554,1,-9.998,0,0.218,0.161,6.12e-05,0.152,0.396,140.026
N95,Kendrick Lamar,Mr. Morale & The Big Steppers,79ONNoS4M9tfIA1mYLBYVX,0fX4oNGBWO3dSGUZcVdVV2,82,2022-05-13,195950,True,https://open.spotify.com/track/0fX4oNGBWO3dSGUZcVdVV2,0.79,0.67,1,-5.527,1,0.105,0.377,2.32e-06,0.119,0.408,139.956
Need to Know,Doja Cat,Planet Her,1nAQbHeOWTfQzbOoFrvndW,3Vi5XqYrmQgOYBajMWSvCi,82,2021-06-25,210560,True,https://open.spotify.com/track/3Vi5XqYrmQgOYBajMWSvCi,0.664,0.609,1,-6.509,1,0.0707,0.304,0.0,0.0926,0.194,130.041
Private Landing (feat. Justin Bieber & Future),"Don Toliver, Justin Bieber, Future",Love Sick,26z5llzd194mcCZHADWd6k,52NGJPcLUzQq5w7uv4e5gf,81,2023-02-24,238253,True,https://open.spotify.com/track/52NGJPcLUzQq5w7uv4e5gf,0.843,0.669,1,-4.105,0,0.0639,0.0846,1.28e-05,0.105,0.435,136.979
MONTERO (Call Me By Your Name),Lil Nas X,MONTERO,6pOiDiuDQqrmo5DbG0ZubR,1SC5rEoYDGUK4NfG82494W,82,2021-09-17,137704,True,https://open.spotify.com/track/1SC5rEoYDGUK4NfG82494W,0.593,0.503,8,-6.725,0,0.22,0.293,0.0,0.405,0.71,178.781
Esta Vida,"Marshmello, Farruko",Esta Vida,5C82uAeAwABjDB7lsLL9iL,5OSGdSxtulzlzdPdK2MQJC,81,2023-04-13,209136,False,https://open.spotify.com/track/5OSGdSxtulzlzdPdK2MQJC,0.755,0.676,5,-7.349,1,0.0377,0.0418,0.00176,0.204,0.461,123.98
Thunder,"Gabry Ponte, LUM!X, Prezioso",Thunder,35Q09Y0b7ZxOoCdF7sBiGf,2USlegnFJLrVLpoVfPimKB,81,2021-05-07,160000,False,https://open.spotify.com/track/2USlegnFJLrVLpoVfPimKB,0.67,0.896,1,-4.673,1,0.058,0.0342,3.21e-05,0.344,0.403,101.216
Vegas (From the Original Motion Picture Soundtrack ELVIS),Doja Cat,Vegas (From the Original Motion Picture Soundtrack ELVIS),2Q5DPv9uliinOBSdNooIe3,0hquQWY3xvYqN4qtiquniF,82,2022-05-06,182907,True,https://open.spotify.com/track/0hquQWY3xvYqN4qtiquniF,0.801,0.601,8,-7.574,0,0.255,0.0777,3.23e-05,0.145,0.74,159.969
21 Reasons (feat. Ella Henderson),"Nathan Dawe, Ella Henderson",21 Reasons (feat. Ella Henderson),118PKNjhP4NWcrW5OjMwzc,1RF02Cf80mTaeNXG2P2boR,81,2022-04-29,155253,False,https://open.spotify.com/track/1RF02Cf80mTaeNXG2P2boR,0.621,0.785,6,-4.499,1,0.11,0.0165,5.92e-06,0.0512,0.779,123.96
Goosebumps - Remix,"Travis Scott, HVME",Goosebumps (Remix),3SdFuYwyWoq7kuaHdTDcyD,5uEYRdEIh9Bo4fpjDd4Na9,81,2021-01-15,162803,True,https://open.spotify.com/track/5uEYRdEIh9Bo4fpjDd4Na9,0.841,0.593,1,-7.846,1,0.0379,0.418,0.0,0.124,0.808,124.917
WORTH NOTHING (feat. Oliver Tree) - Fast & Furious: Drift Tape/Phonk Vol 1,"TWISTED, Oliver Tree, Fast & Furious: The Fast Saga",WORTH NOTHING (feat. Oliver Tree) [Fast & Furious: Drift Tape/Vol 1],3iqdAcelKcHA5cdJXse2Gr,65tX8MBdsnTiwy9UoIPHzr,81,2023-01-26,164629,True,https://open.spotify.com/track/65tX8MBdsnTiwy9UoIPHzr,0.604,0.601,2,-7.887,0,0.0628,0.15,0.000579,0.168,0.156,139.88
Nonstop,Drake,Scorpion,1ATL5GLyefJaxhQzSPVrLX,0TlLq3lA83rQOYtrqBqSct,81,2018-06-29,238614,True,https://open.spotify.com/track/0TlLq3lA83rQOYtrqBqSct,0.912,0.412,7,-8.074,1,0.123,0.0165,0.0126,0.104,0.423,154.983
Move Your Body,"Öwnboss, Sevek",Move Your Body,4l9wMVL4XAM5jPMXP5RAbL,6GomT970rCOkKAyyrwJeZi,81,2021-10-29,157445,False,https://open.spotify.com/track/6GomT970rCOkKAyyrwJeZi,0.848,0.821,2,-5.408,0,0.0527,0.0169,0.000403,0.0962,0.249,125.051
LOKERA,"Rauw Alejandro, Lyanno, Brray",LOKERA,4vJcqwIGUuk5TeP29OPovU,79HZAZNnOE97rb2hnI0XQr,80,2022-07-25,195294,True,https://open.spotify.com/track/79HZAZNnOE97rb2hnI0XQr,0.834,0.828,11,-2.657,0,0.0452,0.21,5.91e-06,0.103,0.58,102.019
In Ha Mood,Ice Spice,In Ha Mood,0CQzO0dUktGpymhtvrIXqW,0yUaLqhsVsguBpoOPL4cO7,80,2023-01-06,129362,True,https://open.spotify.com/track/0yUaLqhsVsguBpoOPL4cO7,0.768,0.74,0,-6.595,1,0.336,0.696,6.81e-06,0.23,0.532,141.059
Where Did You Go? (feat. MNEK),"Jax Jones, MNEK",Where Did You Go (feat. MNEK),5vSLX6JljaSXuRY2Wqi6xL,3sa06xVNmLLYIxdNNmVQN8,80,2022-02-04,177689,False,https://open.spotify.com/track/3sa06xVNmLLYIxdNNmVQN8,0.763,0.782,7,-4.541,0,0.0346,0.182,7.08e-06,0.293,0.502,127.034
La Llevo Al Cielo (Ft. Ñengo Flow),"Chris Jedi, Anuel AA, Chencho Corleone, Ñengo Flow",La Llevo Al Cielo (Ft. Ñengo Flow),0WEtvlRZhn9bZLHbjCLSv2,6DoL1yYIwEW7VZMRaJhoJI,80,2022-05-20,254920,True,https://open.spotify.com/track/6DoL1yYIwEW7VZMRaJhoJI,0.795,0.845,9,-3.809,0,0.135,0.105,1.14e-05,0.172,0.769,170.023
OUT OUT (feat. Charli XCX & Saweetie),"Joel Corry, Jax Jones, Charli XCX, Saweetie",OUT OUT (feat. Charli XCX & Saweetie),5wJb3DBSoSMKYJA8TrNKi8,6Dy1jexKYriXAVG6evyUTJ,80,2021-08-13,162604,False,https://open.spotify.com/track/6Dy1jexKYriXAVG6evyUTJ,0.787,0.833,8,-4.403,1,0.0478,0.018,0.00747,0.0374,0.796,123.97
Element,Pop Smoke,Meet The Woo 2,4MZnolldq7ciKKlbVDzLm5,57BGVV6wcyhbn3hsjlqEZB,80,2020-02-07,135747,True,https://open.spotify.com/track/57BGVV6wcyhbn3hsjlqEZB,0.772,0.878,2,-4.22,1,0.324,0.0301,2.18e-06,0.251,0.305,61.311
Heaven Takes You Home (feat. Connie Constance),"Swedish House Mafia, Connie Constance",Paradise Again,2Dbe9L757CSQbhnbW5PVSH,3nEHrvNNtgLv9rneTAYVr4,80,2022-04-15,214071,False,https://open.spotify.com/track/3nEHrvNNtgLv9rneTAYVr4,0.665,0.738,0,-5.931,0,0.0379,0.0124,0.00598,0.0923,0.0389,125.037
Come & Go (with Marshmello),"Juice WRLD, Marshmello",Legends Never Die,6n9DKpOxwifT5hOXtgLZSL,2Y0wPrPQBrGhoLn14xRYCG,79,2020-07-10,205485,True,https://open.spotify.com/track/2Y0wPrPQBrGhoLn14xRYCG,0.625,0.814,0,-5.181,1,0.0657,0.0172,0.0,0.158,0.535,144.991
Red Ruby Da Sleeze,Nicki Minaj,Red Ruby Da Sleeze,0zCHOD0Z8yOrIP1fw7u1J6,4ZYAU4A2YBtlNdqOUtc7T2,79,2023-03-03,214445,True,https://open.spotify.com/track/4ZYAU4A2YBtlNdqOUtc7T2,0.696,0.733,1,-6.181,1,0.256,0.115,0.0,0.111,0.292,98.355
Little Girl Gone,CHINCHILLA,Little Girl Gone,1vTHLsE6MttzdRfg2ZkU4I,5OLcsBO28uWHMzS0EEeZNp,79,2023-04-21,188596,True,https://open.spotify.com/track/5OLcsBO28uWHMzS0EEeZNp,0.706,0.675,1,-6.351,0,0.237,0.177,0.0,0.0852,0.516,159.961
Where You Are,"John Summit, Hayla",Where You Are,4bIEy1wDeaEklS1BanbsmR,4qDpLaFGf5ampf2DXD2TMA,79,2023-03-03,236000,False,https://open.spotify.com/track/4qDpLaFGf5ampf2DXD2TMA,0.56,0.832,9,-6.432,0,0.0363,0.00953,0.00541,0.546,0.0818,126.0
ULTRA SOLO REMIX,"Polimá Westcoast, Feid, Pailita, Paloma Mami, De La Ghetto",ULTRA SOLO REMIX,7JsxzI8o2TI71jHBOIsgqm,6wtZPYBIXUvCpXwVjMCJBf,79,2022-06-16,322347,False,https://open.spotify.com/track/6wtZPYBIXUvCpXwVjMCJBf,0.909,0.824,1,-4.627,1,0.0797,0.0777,0.00387,0.0638,0.585,109.97
Tell Me Why - MEDUZA Remix,"Supermode, MEDUZA",Tell Me Why (MEDUZA Remix),6CTjQWx50yUs4wNu95cnlM,7jrMFjEq0t09f7m3HnnWXl,79,2022-09-02,171429,False,https://open.spotify.com/track/7jrMFjEq0t09f7m3HnnWXl,0.561,0.928,6,-5.812,0,0.0371,0.087,0.894,0.332,0.182,125.988
Remember,"Becky Hill, David Guetta",Remember,6DHfD3rZapWFmEKX1FNNZF,4laAKIq9ZxBCwf99rauPYb,79,2021-06-18,160766,False,https://open.spotify.com/track/4laAKIq9ZxBCwf99rauPYb,0.612,0.862,8,-2.903,1,0.037,0.041,0.0,0.0907,0.354,123.849
Way 2 Sexy (with Future & Young Thug),"Drake, Future, Young Thug",Certified Lover Boy,3SpBlxme9WbeQdI9kx7KAV,0k1WUmIRnG3xU6fvvDVfRG,79,2021-09-03,257605,True,https://open.spotify.com/track/0k1WUmIRnG3xU6fvvDVfRG,0.803,0.597,11,-6.035,0,0.141,0.000619,4.5e-06,0.323,0.331,136.008
All By Myself,"Alok, Sigala, Ellie Goulding",All By Myself,3lAmnw0gNntYuTltwETnSn,5Hp4xFihdOE2dmDzxWcBFb,78,2022-10-07,171778,False,https://open.spotify.com/track/5Hp4xFihdOE2dmDzxWcBFb,0.662,0.848,0,-4.338,0,0.0346,0.0932,7.62e-06,0.241,0.773,123.041
Go Hard,Lil Baby,Go Hard,0lvoLgzBquqlIQyVnXD2Jo,1IzJxbARcQrOWMZgPw1PNj,78,2023-05-03,217610,True,https://open.spotify.com/track/1IzJxbARcQrOWMZgPw1PNj,0.849,0.581,6,-5.464,0,0.261,0.0178,0.0,0.092,0.274,142.015
Drugs From Amsterdam,Mau P,Drugs From Amsterdam,060SvgMzLKrNzpvVLK5gSo,0w7JPlp7eEQI2EKW3ayXrv,78,2022-09-16,235786,False,https://open.spotify.com/track/0w7JPlp7eEQI2EKW3ayXrv,0.683,0.932,8,-10.402,1,0.0513,0.0389,0.605,0.0615,0.553,125.002
SHAKE SUMN,DaBaby,CALL DA FIREMAN,3oDobVNZ3U9BpxOdokk0fL,3FhZPYvMGSjFc6boVYKlCv,78,2023-05-05,124806,True,https://open.spotify.com/track/3FhZPYvMGSjFc6boVYKlCv,0.783,0.768,11,-8.471,0,0.157,0.00198,0.0,0.171,0.267,143.071
Astronaut In The Ocean,Masked Wolf,Astronaut In The Ocean,7vus4Q8r5DS2Dl1JClxEsA,3Ofmpyhv5UAQ70mENzB277,78,2021-01-06,132780,True,https://open.spotify.com/track/3Ofmpyhv5UAQ70mENzB277,0.778,0.695,4,-6.865,0,0.0913,0.175,0.0,0.15,0.472,149.996
When I’m Gone (with Katy Perry),"Alesso, Katy Perry",When I’m Gone (with Katy Perry),5itVTi6rI3MlOcWBxROxd9,5902W4uHWzhtOff1UK7the,78,2021-12-29,161267,False,https://open.spotify.com/track/5902W4uHWzhtOff1UK7the,0.685,0.886,0,-4.179,1,0.034,0.028,0.0,0.481,0.615,125.034
Lie,NF,Perception,1KOmHyNLuOe5YrPhD3Juuf,07FkzikE6FuHIa8Ma7zJGc,78,2017-10-06,209213,False,https://open.spotify.com/track/07FkzikE6FuHIa8Ma7zJGc,0.513,0.661,5,-6.419,1,0.24,0.161,0.0,0.246,0.179,94.791
One in a Million,"Bebe Rexha, David Guetta",One in a Million,65L5VcKGKe6sOJIPNFc0Q1,3YfGTvsTAWGC2lgoDOikUz,77,2023-08-04,160530,False,https://open.spotify.com/track/3YfGTvsTAWGC2lgoDOikUz,0.454,0.931,11,-4.083,1,0.0321,0.238,0.000623,0.289,0.462,137.945
Rainfall (Praise You),Tom Santa,Rainfall (Praise You),4VanY5i4E59Mhz52qznJ95,1M8t1j3Kv2qp97bdq5q4Vl,77,2022-02-18,166570,False,https://open.spotify.com/track/1M8t1j3Kv2qp97bdq5q4Vl,0.767,0.862,5,-5.464,0,0.0606,0.14,0.0092,0.252,0.509,128.039
Another Love - Tiësto Remix,"Tom Odell, Tiësto",Another Love (Tiësto Remix),1QltVGlNGbK94CKgUsYZGa,4Et6tUEO7biKxZEfJXpNj1,77,2022-05-13,185366,False,https://open.spotify.com/track/4Et6tUEO7biKxZEfJXpNj1,0.79,0.764,4,-4.685,0,0.0737,0.0836,0.0871,0.132,0.473,123.046
Got It On Me,Pop Smoke,Shoot For The Stars Aim For The Moon,7e7t0MCrNDcJZsPwUKjmOc,25zlnOAzbVoOzIeXSvQFf1,77,2020-07-03,164580,True,https://open.spotify.com/track/25zlnOAzbVoOzIeXSvQFf1,0.688,0.647,2,-7.258,1,0.19,0.00815,1.65e-05,0.095,0.195,88.834
Kernkraft 400 (A Better Day),"Topic, A7S",Kernkraft 400 (A Better Day),2NIChqkijGw4r4Dqfmg0A3,3kcKlOkQQEPVwxwljbGJ5p,77,2022-06-17,165800,False,https://open.spotify.com/track/3kcKlOkQQEPVwxwljbGJ5p,0.623,0.727,11,-5.57,0,0.0562,0.184,2.02e-05,0.309,0.4,125.975
pushin P (feat. Young Thug),"Gunna, Future, Young Thug",DS4EVER,02uWB8Kekadkl3yGBoOOcx,3XOalgusokruzA5ZBA2Qcb,77,2022-01-13,136267,True,https://open.spotify.com/track/3XOalgusokruzA5ZBA2Qcb,0.773,0.422,1,-4.572,0,0.187,0.00783,0.00693,0.129,0.488,77.502
MONEY ON THE DASH,"Elley Duhé, Whethan",MONEY ON THE DASH,1nlaLDMPSzXL8G5LPBDhwd,1p0jBDjxORjYNJyAphBRpE,77,2023-01-20,145667,False,https://open.spotify.com/track/1p0jBDjxORjYNJyAphBRpE,0.84,0.667,8,-7.126,1,0.0843,0.0439,1.34e-05,0.179,0.292,120.044
Cynical,"twocolors, Safri Duo, Chris de Sarandy",Cynical,2FSVbytdzBlR6SBT4AFewv,2grS8y9w2vVp7sDJ3RnSx9,77,2023-06-30,191365,False,https://open.spotify.com/track/2grS8y9w2vVp7sDJ3RnSx9,0.69,0.84,11,-6.947,1,0.0573,0.0268,3.06e-05,0.363,0.493,129.935
Motley Crew,Post Malone,Motley Crew,4tokbQaFXRrq8keVGBD9vb,40uMIn2zJLAQhNXghRjBed,77,2021-07-09,184213,True,https://open.spotify.com/track/40uMIn2zJLAQhNXghRjBed,0.797,0.631,3,-3.818,0,0.0786,0.0904,3.71e-06,0.0998,0.288,129.915
Marianela (Que Pasa),"HUGEL, Merk & Kremont, Lirico En La Casa",Marianela (Que Pasa),5As1VmPUMn4HIgYSbFD6l0,5bZjb7xKqLqa58QiUBcVvl,76,2022-11-25,145766,False,https://open.spotify.com/track/5bZjb7xKqLqa58QiUBcVvl,0.828,0.893,1,-3.344,1,0.0496,0.033,0.00535,0.0811,0.602,124.043
PLAYA DEL INGLÉS,"Quevedo, Myke Towers",PLAYA DEL INGLÉS,1MgW79L1nRyxWHOCu4nxR9,2t6IxTASaSFkZEt61tQ6W6,76,2022-12-15,237525,False,https://open.spotify.com/track/2t6IxTASaSFkZEt61tQ6W6,0.793,0.736,7,-3.254,0,0.0469,0.0822,0.0,0.109,0.656,112.993
Levitating (feat. DaBaby),"Dua Lipa, DaBaby",Levitating (feat. DaBaby),04m06KhJUuwe1Q487puIud,463CkQjx2Zk1yXoBuierM9,76,2020-10-01,203064,False,https://open.spotify.com/track/463CkQjx2Zk1yXoBuierM9,0.702,0.825,6,-3.787,0,0.0601,0.00883,0.0,0.0674,0.915,102.977
family ties (with Kendrick Lamar),"Baby Keem, Kendrick Lamar",family ties (with Kendrick Lamar),3HqmX8hGcbbQZODgayNEYx,7Bpx2vsWfQFBACRz4h3IqH,76,2021-08-27,252070,True,https://open.spotify.com/track/7Bpx2vsWfQFBACRz4h3IqH,0.711,0.611,1,-5.453,1,0.329,0.00575,0.0,0.231,0.144,134.14
Lionheart (Fearless),"Joel Corry, Tom Grennan",Lionheart (Fearless),68U7caniDmdQHifJdnlYFT,5vlzH0ps6WDyb158oFTAb3,76,2022-10-21,186689,False,https://open.spotify.com/track/5vlzH0ps6WDyb158oFTAb3,0.628,0.967,8,-2.43,1,0.0538,0.0217,0.00157,0.336,0.349,125.982
